archivo,perfil
cv_1.pdf,backend
cv_2.pdf,backend
cv_3.pdf,backend
cv_4.pdf,backend
cv_5.pdf,backend
cv_6.pdf,backend
cv_7.pdf,backend
cv_8.pdf,backend
cv_9.pdf,backend
cv_10.pdf,backend
cv_11.pdf,backend
cv_12.pdf,backend
cv_13.pdf,backend
cv_14.pdf,backend
cv_15.pdf,backend
cv_16.pdf,backend
cv_17.pdf,backend
cv_18.pdf,backend
cv_19.pdf,backend
cv_20.pdf,backend
cv_21.pdf,backend
cv_22.pdf,backend
cv_23.pdf,backend
cv_24.pdf,backend
cv_25.pdf,backend
cv_26.pdf,backend
cv_27.pdf,backend
cv_28.pdf,backend
cv_29.pdf,backend
cv_30.pdf,backend
cv_31.pdf,backend
cv_32.pdf,backend
cv_33.pdf,backend
cv_34.pdf,backend
cv_35.pdf,backend
cv_36.pdf,backend
cv_37.pdf,backend
cv_38.pdf,backend
cv_39.pdf,backend
cv_40.pdf,backend
cv_41.pdf,backend
cv_42.pdf,backend
cv_43.pdf,backend
cv_44.pdf,backend
cv_45.pdf,backend
cv_46.pdf,backend
cv_47.pdf,backend
cv_48.pdf,backend
cv_49.pdf,backend
cv_50.pdf,backend
cv_51.pdf,frontend
cv_52.pdf,frontend
cv_53.pdf,frontend
cv_54.pdf,frontend
cv_55.pdf,frontend
cv_56.pdf,frontend
cv_57.pdf,frontend
cv_58.pdf,frontend
cv_59.pdf,frontend
cv_60.pdf,frontend
cv_61.pdf,frontend
cv_62.pdf,frontend
cv_63.pdf,frontend
cv_64.pdf,frontend
cv_65.pdf,frontend
cv_66.pdf,frontend
cv_67.pdf,frontend
cv_68.pdf,frontend
cv_69.pdf,frontend
cv_70.pdf,frontend
cv_71.pdf,frontend
cv_72.pdf,frontend
cv_73.pdf,frontend
cv_74.pdf,frontend
cv_75.pdf,frontend
cv_76.pdf,frontend
cv_77.pdf,frontend
cv_78.pdf,frontend
cv_79.pdf,frontend
cv_80.pdf,frontend
cv_81.pdf,frontend
cv_82.pdf,frontend
cv_83.pdf,frontend
cv_84.pdf,frontend
cv_85.pdf,frontend
cv_86.pdf,frontend
cv_87.pdf,frontend
cv_88.pdf,frontend
cv_89.pdf,frontend
cv_90.pdf,frontend
cv_91.pdf,frontend
cv_92.pdf,frontend
cv_93.pdf,frontend
cv_94.pdf,frontend
cv_95.pdf,frontend
cv_96.pdf,frontend
cv_97.pdf,frontend
cv_98.pdf,frontend
cv_99.pdf,frontend
cv_100.pdf,frontend
cv_101.pdf,data
cv_102.pdf,data
cv_103.pdf,data
cv_104.pdf,data
cv_105.pdf,data
cv_106.pdf,data
cv_107.pdf,data
cv_108.pdf,data
cv_109.pdf,data
cv_110.pdf,data
cv_111.pdf,data
cv_112.pdf,data
cv_113.pdf,data
cv_114.pdf,data
cv_115.pdf,data
cv_116.pdf,data
cv_117.pdf,data
cv_118.pdf,data
cv_119.pdf,data
cv_120.pdf,data
cv_121.pdf,data
cv_122.pdf,data
cv_123.pdf,data
cv_124.pdf,data
cv_125.pdf,data
cv_126.pdf,data
cv_127.pdf,data
cv_128.pdf,data
cv_129.pdf,data
cv_130.pdf,data
cv_131.pdf,data
cv_132.pdf,data
cv_133.pdf,data
cv_134.pdf,data
cv_135.pdf,data
cv_136.pdf,data
cv_137.pdf,data
cv_138.pdf,data
cv_139.pdf,data
cv_140.pdf,data
cv_141.pdf,data
cv_142.pdf,data
cv_143.pdf,data
cv_144.pdf,data
cv_145.pdf,data
cv_146.pdf,data
cv_147.pdf,data
cv_148.pdf,data
cv_149.pdf,data
cv_150.pdf,data
cv_151.pdf,infraestructura
cv_152.pdf,infraestructura
cv_153.pdf,infraestructura
cv_154.pdf,infraestructura
cv_155.pdf,infraestructura
cv_156.pdf,infraestructura
cv_157.pdf,infraestructura
cv_158.pdf,infraestructura
cv_159.pdf,infraestructura
cv_160.pdf,infraestructura
cv_161.pdf,infraestructura
cv_162.pdf,infraestructura
cv_163.pdf,infraestructura
cv_164.pdf,infraestructura
cv_165.pdf,infraestructura
cv_166.pdf,infraestructura
cv_167.pdf,infraestructura
cv_168.pdf,infraestructura
cv_169.pdf,infraestructura
cv_170.pdf,infraestructura
cv_171.pdf,infraestructura
cv_172.pdf,infraestructura
cv_173.pdf,infraestructura
cv_174.pdf,infraestructura
cv_175.pdf,infraestructura
cv_176.pdf,infraestructura
cv_177.pdf,infraestructura
cv_178.pdf,infraestructura
cv_179.pdf,infraestructura
cv_180.pdf,infraestructura
cv_181.pdf,infraestructura
cv_182.pdf,infraestructura
cv_183.pdf,infraestructura
cv_184.pdf,infraestructura
cv_185.pdf,infraestructura
cv_186.pdf,infraestructura
cv_187.pdf,infraestructura
cv_188.pdf,infraestructura
cv_189.pdf,infraestructura
cv_190.pdf,infraestructura
cv_191.pdf,infraestructura
cv_192.pdf,infraestructura
cv_193.pdf,infraestructura
cv_194.pdf,infraestructura
cv_195.pdf,infraestructura
cv_196.pdf,infraestructura
cv_197.pdf,infraestructura
cv_198.pdf,infraestructura
cv_199.pdf,infraestructura
cv_200.pdf,infraestructura
